﻿Designator,Footprint,Quantity,Value,LCSC Part #
BZ1,BUZZER_CUI_CPT,1,Buzzer,
"C1, C14, C16, C17, C18, C2, C21, C23, C24, C25, C26, C27, C29, C31, C6",0805,15,100nF,
"C10, C11, C4, C7, C8, C9",CP_EIA-2012-12_Kemet-R_Pad1.30x1.05mm_HandSolder,6,22uF,
"C12, C5",0805,2,100nF,C49678
"C13, C15",0805,2,22nF,
"C19, C20, C22, C28, C3, C30",CP_EIA-3216-18_Kemet-A_Pad1.58x1.35mm_HandSolder,6,10uF,
"D1, D2",1206,2,D_Schottky,
"D3, D4, D5, D6, D7, D8",0805,6,LED,
F1,0805,1,Polyfuse/50R,
IC1,SOT-563,1,TPS565242DRLR,XXXX
"IC2, IC3",DRV8874,2,DRV8874PWPR,
J1,XT30PW-M,1,XT30PW-M,
"J10, J12, J13, J7, J8, J9",Molex_PicoBlade_53398-0371_1x03-1MP_P1.25mm_Vertical,6,Conn_01x03_Pin,
J11,PinHeader_1x03_P2.54mm_Vertical,1,Conn_01x03_Pin,
"J2, J3",JST_SH_BM06B-SRSS-TB_1x06-1MP_P1.00mm_Vertical,2,Conn_01x06_Socket,
J4,HRO_TYPE-C-31-M-12,1,USB_TypeC,
J5,Molex_PicoBlade_53398-0471_1x04-1MP_P1.25mm_Vertical,1,Conn_01x04_Pin,
J6,Molex_PicoBlade_53398-0671_1x06-1MP_P1.25mm_Vertical,1,Conn_01x06_Pin,
L1,L_Vishay_IHLP-1212,1,1.5uH,
L2,L_Vishay_IHLP-1616,1,3.3uH,
"Q1, Q2",SOT-23-3,2,Q_PMOS,
"R1, R10, R11, R16, R17, R27, R28, R3, R4, R7",0805,10,10k,
"R12, R14",0805,2,0R/R-Ipropi,
"R13, R15",0805,2,0R/R-Imode,
R18,0805,1,100k,
"R19, R20",0805,2,15R,
R2,0805,1,2m,
R21,0805,1,1k,
"R22, R23, R24, R25, R30",0805,5,220R,
R26,0805,1,0R,
R29,0805,1,100R,
R5,0805,1,45k,C17470
R6,0805,1,15k,
R8,0805,1,10k,C17633
R9,0805,1,52.3k,
SW1,Custom_SPDT_2.5_Switch,1,SW_DPDT_x2,
"SW2, SW3, SW4, SW5",SW_SPST_EVQPE1,4,SW_Push,
TP1,SPS_LOGO_IMG,1,TestPoint,
"TP10, TP11, TP12, TP13, TP14, TP15, TP16, TP17, TP18, TP7, TP8, TP9",TestPoint_Pad_D1.0mm,12,TestPoint,
TP19,SUMEC_QR_IMG,1,TestPoint,
TP2,SUMEC_LOGO_IMG,1,TestPoint,
TP20,BEE_IMG,1,TestPoint,
TP21,FLOWER_IMG,1,TestPoint,
TP22,SYMBOL_IMG,1,TestPoint,
TP3,CATTO_MASK_IMG,1,TestPoint,
TP4,OWO_WHATS_THIS_IMG,1,TestPoint,
TP5,HANKA_THINGY_IMG,1,TestPoint,
TP6,CALIPER_IMG,1,TestPoint,
U1,VSSOP-10_3x3mm_P0.5mm,1,INA226,
U2,SOT-563,1,AP62301Z6,
U3,SOT-23-5,1,24CW1280T-I/OT,
U4,ESP32-S3-WROOM-1,1,ESP32-S3-WROOM-1,
U5,TSOT-23-6_HandSoldering,1,USBLC6-2SC6,
U6,PQFN50P450X300X100-16N,1,BMI088,
